{
    "navigation": {
        "dashboards": "Tableaux de bord",
        "crm": "GRC",
        "analytics": "Analytique",
        "eCommerce": "commerce électronique",
        "appsPages": "Applications et pages",
        "apps": "Apps",
        "email": "E-mail",
        "chat": "Discuter",
        "calendar": "Calendrier",
        "invoice": "Facture d'achat",
        "list": "Liste",
        "preview": "Aperçu",
        "edit": "Éditer",
        "add": "Ajouter",
        "user": "Utilisateur",
        "view": "Voir",
        "rolesPermissions": "Rôles et autorisations",
        "roles": "Les rôles",
        "permissions": "Autorisations",
        "pages": "Pages",
        "userProfile": "Profil de l'utilisateur",
        "accountSettings": "Paramètres du compte",
        "faq": "FAQ",
        "pricing": "Prix",
        "miscellaneous": "Divers",
        "comingSoon": "À venir",
        "underMaintenance": "En maintenance",
        "pageNotFound404": "Page non trouvée - 404",
        "notAuthorized401": "Non autorisé - 401",
        "authPages": "Pages d'authentification",
        "login": "Connexion",
        "loginV1": "Connexion v1",
        "loginV2": "Connexion v2",
        "register": "S'inscrire",
        "registerV1": "Enregistrer v1",
        "registerV2": "Enregistrer v2",
        "registerMultiSteps": "Enregistrer plusieurs étapes",
        "verifyEmail": "Vérifier les courriels",
        "verifyEmailV1": "Vérifier l'e-mail v1",
        "verifyEmailV2": "Vérifier l'e-mail v2",
        "forgotPassword": "Mot de passe oublié",
        "forgotPasswordV1": "Mot de passe oublié v1",
        "forgotPasswordV2": "Mot de passe oublié v2",
        "resetPassword": "Réinitialiser le mot de passe",
        "resetPasswordV1": "Réinitialiser le mot de passe v1",
        "resetPasswordV2": "Réinitialiser le mot de passe v2",
        "twoSteps": "Deux étapes",
        "twoStepsV1": "Deux étapes v1",
        "twoStepsV2": "Deux étapes v2",
        "wizardExamples": "Exemples d'assistants",
        "checkout": "Vérifier",
        "propertyListing": "Liste des biens",
        "createDeal": "Créer un accord",
        "dialogExamples": "Exemples de dialogue",
        "widgetExamples": "Exemples de widgets",
        "advanced": "Avancée",
        "gamification": "Gamification",
        "statistics": "Statistiques",
        "formsAndTables": "Formulaires et tableaux",
        "formLayouts": "Dispositions de formulaire",
        "formValidation": "Validation du formulaire",
        "formWizard": "Assistant de formulaire",
        "reactTable": "Tableau de réaction",
        "formELements": "Éléments de formulaire",
        "muiTables": "Tableaux MUI",
        "chartsMisc": "Graphiques & Divers",
        "charts": "Graphiques",
        "recharts": "Regraphiques",
        "apex": "Sommet",
        "userInterface": "Interface utilisateur",
        "components": "Composants",
        "menuExamples": "Exemples de menus",
        "raiseSupport": "Augmenter le soutien",
        "documentation": "Documentation",
        "others": "Les autres",
        "itemWithBadge": "Article avec badge",
        "externalLink": "Lien Externe",
        "menuLevels": "Niveaux de menus",
        "menuLevel2": "Niveau menu 2",
        "menuLevel3": "Niveau menu 3",
        "disabledMenu": "Menu désactivé"
    }
}
